,time_bucket_id,conn_count,unique_src_ips,unique_dst_ips,unique_dst_ports,total_orig_bytes,total_resp_bytes,avg_duration,failed_conns,tcp_count,udp_count,dns_count,unique_domains,nxdomain_count,http_count,unique_hosts,weird_count,file_count,total_file_bytes,unique_mime_types,executable_file_count,reporter_count,reporter_warnings,reporter_errors,snmp_count,snmp_get_requests,snmp_set_requests,dpd_count,tunnel_count,unique_tunnel_types,failed_conn_ratio,tcp_ratio,dns_per_http,snmp_write_ratio
0,0,597,236,34,230,6554.0,2294.0,1.1948085354327054,504,424,85,1.0,1.0,0.0,5.0,1.0,2.0,5.0,1275.0,2.0,0.0,3.0,3.0,0.0,3.0,5.0,0.0,1.0,10.0,1.0,0.8442211055276382,0.7102177554438861,0.2,0.0
1,2,1627,986,113,292,1340.0,2551.0,0.21709866117137347,1430,1282,160,3.0,3.0,0.0,8.0,1.0,26.0,9.0,1088.0,2.0,0.0,18.0,18.0,0.0,1.0,2.0,0.0,0.0,6.0,1.0,0.8789182544560541,0.7879532882606023,0.375,0.0
2,3,2023,1125,160,344,5733.0,8694.0,0.24291000492393472,1683,1421,287,12.0,7.0,0.0,26.0,2.0,19.0,25.0,3698.0,2.0,0.0,15.0,15.0,0.0,3.0,4.0,0.0,0.0,2.0,1.0,0.8319327731092437,0.7024221453287197,0.46153846153846156,0.0
3,4,1665,973,124,319,1298.0,3144.0,0.2291886527761281,1368,1111,262,9.0,9.0,0.0,6.0,1.0,9.0,6.0,1887.0,2.0,0.0,20.0,20.0,0.0,4.0,4.0,0.0,0.0,2.0,1.0,0.8216216216216217,0.6672672672672673,1.5,0.0
4,5,1836,1015,117,340,3506.0,4282.0,0.6076311486165399,1471,1187,316,15.0,7.0,0.0,15.0,1.0,12.0,15.0,1594.0,2.0,0.0,18.0,18.0,0.0,2.0,4.0,0.0,1.0,6.0,1.0,0.80119825708061,0.6465141612200436,1.0,0.0
5,6,1870,1013,104,366,3723.0,2078.0,0.46465462245077754,1505,1200,320,7.0,7.0,0.0,6.0,1.0,13.0,6.0,847.0,2.0,0.0,17.0,17.0,0.0,4.0,6.0,0.0,0.0,1.0,1.0,0.8048128342245989,0.6417112299465241,1.1666666666666667,0.0
6,7,1993,1104,146,315,2057.0,2466.0,0.26469076580825857,1715,1505,220,10.0,8.0,0.0,14.0,1.0,15.0,13.0,4386.0,2.0,0.0,19.0,19.0,0.0,6.0,11.0,0.0,1.0,10.0,1.0,0.8605117912694431,0.7551430005017562,0.7142857142857143,0.0
7,8,1986,1108,139,271,8979.0,13777.0,1.8587515969869448,1706,1556,212,9.0,9.0,0.0,35.0,1.0,47.0,35.0,3570.0,2.0,0.0,18.0,18.0,0.0,1.0,0.0,0.0,0.0,3.0,1.0,0.8590130916414904,0.783484390735146,0.2571428571428571,0.0
8,9,1851,1140,147,274,1566.0,4045.0,0.1778221096213704,1610,1398,218,4.0,4.0,0.0,8.0,1.0,40.0,7.0,1157.0,2.0,0.0,18.0,18.0,0.0,4.0,6.0,0.0,0.0,1.0,1.0,0.8698001080497029,0.7552674230145867,0.5,0.0
9,10,1835,1030,127,242,5415.0,630.0,0.19174651702805534,1602,1408,198,12.0,11.0,0.0,8.0,1.0,38.0,4.0,663.0,2.0,0.0,20.0,20.0,0.0,3.0,8.0,0.0,0.0,6.0,1.0,0.873024523160763,0.7673024523160763,1.5,0.0
10,11,1715,1066,131,264,6128.0,2516.0,0.2018258236592112,1434,1217,230,17.0,15.0,0.0,5.0,2.0,12.0,5.0,974.0,2.0,0.0,19.0,19.0,0.0,2.0,0.0,0.0,0.0,4.0,1.0,0.8361516034985422,0.7096209912536443,3.4,0.0
11,12,1749,1055,125,271,150555346.0,54980.0,0.9180161781909755,1450,1323,226,7.0,5.0,0.0,273.0,1.0,14.0,4.0,663.0,2.0,0.0,16.0,16.0,0.0,2.0,4.0,0.0,0.0,6.0,1.0,0.8290451686678102,0.7564322469982847,0.02564102564102564,0.0
12,13,2033,1034,123,312,890179808.0,890204040.0,1.1905403241340309,1579,1538,240,13.0,11.0,1.0,499.0,2.0,49.0,18.0,2683.0,2.0,0.0,10.0,10.0,0.0,2.0,4.0,0.0,0.0,3.0,1.0,0.7766847024102311,0.7565174618789966,0.026052104208416832,0.0
13,14,2276,1108,177,321,9383.0,4546.0,0.6048295935984063,1776,1358,437,11.0,9.0,0.0,12.0,1.0,55.0,11.0,2419.0,2.0,0.0,17.0,17.0,0.0,3.0,6.0,0.0,0.0,3.0,1.0,0.7803163444639719,0.5966608084358523,0.9166666666666666,0.0
14,15,2260,1072,191,268,5668.0,3981.0,0.3649764819656713,1806,1396,424,12.0,9.0,0.0,8.0,1.0,105.0,8.0,2516.0,2.0,0.0,15.0,15.0,0.0,3.0,5.0,0.0,0.0,6.0,1.0,0.7991150442477876,0.6176991150442478,1.5,0.0
15,16,1924,1003,126,315,4237.0,5484.0,0.5896063076306696,1657,1446,231,9.0,7.0,0.0,16.0,2.0,86.0,17.0,2109.0,2.0,0.0,16.0,16.0,0.0,3.0,4.0,0.0,0.0,5.0,1.0,0.8612266112266113,0.7515592515592515,0.5625,0.0
16,17,1903,1003,139,279,12657.0,2844.0,0.5009522786911796,1604,1356,259,10.0,9.0,0.0,10.0,1.0,68.0,10.0,914.0,2.0,0.0,20.0,20.0,0.0,1.0,4.0,0.0,0.0,5.0,1.0,0.8428796636889122,0.7125591171833946,1.0,0.0
17,18,2127,892,145,289,12098.0,13343.0,0.3043887001720827,1826,1673,222,12.0,9.0,0.0,64.0,2.0,6.0,63.0,1216.0,2.0,0.0,18.0,18.0,0.0,3.0,5.0,0.0,0.0,8.0,1.0,0.8584861307005172,0.7865538316878232,0.1875,0.0
18,19,3079,948,112,255,19256.0,28079.0,2.7016755707445985,2752,2689,180,6.0,4.0,0.0,120.0,1.0,11.0,118.0,6023.0,2.0,0.0,12.0,12.0,0.0,2.0,8.0,0.0,0.0,4.0,1.0,0.8937966872361156,0.8733354985384866,0.05,0.0
19,20,3421,1038,168,336,3118176.0,7014252.0,1.4201817450365184,3074,2954,226,11.0,8.0,0.0,421.0,1.0,88.0,417.0,62294333.0,4.0,0.0,13.0,13.0,0.0,3.0,2.0,0.0,0.0,3.0,1.0,0.8985676702718504,0.8634902075416545,0.026128266033254157,0.0
20,21,2914,1055,137,280,8585.0,10341.0,0.3258504611210372,2629,2465,205,7.0,6.0,0.0,47.0,3.0,15.0,45.0,3185.0,2.0,0.0,17.0,17.0,0.0,8.0,16.0,0.0,0.0,2.0,1.0,0.9021962937542897,0.8459162663006177,0.14893617021276595,0.0
21,22,2603,1036,156,325,29237.0,32562.0,0.7229392386995782,2145,1942,294,50.0,11.0,22.0,128.0,3.0,6.0,22.0,3796.0,2.0,0.0,8.0,8.0,0.0,5.0,4.0,0.0,0.0,3.0,1.0,0.8240491740299655,0.746062235881675,0.390625,0.0
22,23,2108,1125,129,451,7694.0,14362.0,0.3888183865577552,1764,1584,221,13.0,8.0,5.0,42.0,1.0,77.0,19.0,1390.0,2.0,0.0,15.0,15.0,0.0,1.0,4.0,0.0,0.0,2.0,1.0,0.8368121442125237,0.7514231499051234,0.30952380952380953,0.0
23,24,2112,1069,133,454,5160.0,2990.0,0.32329136320159607,1804,1592,229,8.0,7.0,0.0,10.0,1.0,85.0,10.0,914.0,2.0,0.0,15.0,15.0,0.0,3.0,6.0,0.0,0.0,0.0,0.0,0.8541666666666666,0.7537878787878788,0.8,0.0
24,25,1915,1032,122,362,246268115.0,59363.0,0.5255768033319539,1636,1508,173,9.0,8.0,0.0,47.0,1.0,10.0,44.0,59498.0,2.0,0.0,12.0,12.0,0.0,4.0,10.0,0.0,0.0,5.0,1.0,0.854308093994778,0.787467362924282,0.19148936170212766,0.0
25,26,1894,998,118,376,18366.0,24414.0,0.33029692725273174,1595,1408,208,12.0,8.0,0.0,121.0,1.0,3.0,15.0,1054.0,2.0,0.0,15.0,15.0,0.0,0.0,0.0,0.0,0.0,4.0,1.0,0.8421330517423442,0.7434002111932418,0.09917355371900827,0.0
26,27,2640,1084,125,618,4066.0,3972.0,0.41364276578084086,2067,1614,475,6.0,5.0,0.0,15.0,1.0,45.0,13.0,1110.0,2.0,0.0,15.0,15.0,0.0,4.0,10.0,0.0,0.0,7.0,1.0,0.7829545454545455,0.6113636363636363,0.4,0.0
27,28,2061,1152,149,395,19660.0,25255.0,0.36689816402287667,1766,1601,182,4.0,4.0,0.0,116.0,4.0,47.0,11.0,3010.0,2.0,0.0,14.0,14.0,0.0,4.0,6.0,0.0,0.0,3.0,1.0,0.8568655992236778,0.7768073750606501,0.034482758620689655,0.0
28,29,1951,1157,154,283,4131.0,5298.0,0.2666239719466859,1682,1500,202,12.0,11.0,0.0,20.0,1.0,8.0,18.0,1943.0,2.0,0.0,18.0,18.0,0.0,3.0,5.0,0.0,0.0,2.0,1.0,0.8621219887237315,0.7688364941055869,0.6,0.0
29,30,1898,1122,135,275,2747.0,2594.0,0.30006277377788837,1610,1425,198,5.0,4.0,0.0,16.0,3.0,43.0,15.0,1737.0,2.0,0.0,17.0,17.0,0.0,7.0,8.0,0.0,0.0,5.0,1.0,0.8482613277133825,0.7507903055848262,0.3125,0.0
30,31,2063,1055,139,347,1823.0,4920.0,0.327399457606037,1699,1424,289,6.0,5.0,0.0,6.0,1.0,31.0,6.0,1590.0,2.0,0.0,18.0,18.0,0.0,1.0,4.0,0.0,0.0,1.0,1.0,0.8235579253514299,0.6902569074163839,1.0,0.0
31,32,2102,1042,136,360,2720897.0,3011045.0,2.3294656780494494,1641,1484,317,17.0,8.0,0.0,521.0,1.0,7.0,411.0,62304287.0,4.0,0.0,14.0,14.0,0.0,4.0,8.0,0.0,0.0,3.0,1.0,0.7806850618458611,0.7059942911512845,0.03262955854126679,0.0
32,33,1966,1041,161,336,6831.0,5066.0,0.6255017221996697,1675,1449,253,11.0,8.0,0.0,20.0,1.0,5.0,20.0,960.0,2.0,0.0,14.0,14.0,0.0,0.0,0.0,0.0,0.0,1.0,1.0,0.8519837232960326,0.737029501525941,0.55,0.0
33,34,77093,5641,141,404,2551182312.0,561160.0,0.3031113245002989,74726,76668,178,19.0,8.0,2.0,331.0,1.0,30.0,192.0,15745900.0,4.0,0.0,10.0,10.0,0.0,3.0,5.0,0.0,0.0,0.0,0.0,0.9692968233172921,0.9944871778241864,0.05740181268882175,0.0
34,35,26392,5144,160,306,42542167103.0,3886.0,1.3485707659625783,26017,25953,189,14.0,7.0,4.0,11.0,2.0,54.0,11.0,1675.0,2.0,0.0,14.0,14.0,0.0,6.0,9.0,0.0,0.0,1.0,1.0,0.9857911488329797,0.9833661715671416,1.2727272727272727,0.0
35,36,2015,1089,119,385,15944.0,22536.0,0.7409577311578439,1659,1468,249,24.0,8.0,2.0,45.0,2.0,3.0,44.0,3239.0,2.0,0.0,8.0,8.0,0.0,3.0,8.0,0.0,0.0,0.0,0.0,0.8233250620347394,0.7285359801488833,0.5333333333333333,0.0
36,37,2133,1086,149,416,6491.0,5940.0,0.7102964227569515,1702,1389,343,20.0,8.0,6.0,17.0,1.0,18.0,18.0,2580.0,2.0,0.0,15.0,15.0,0.0,4.0,5.0,0.0,0.0,0.0,0.0,0.7979371776840132,0.6511954992967651,1.1764705882352942,0.0
37,38,1376,620,92,316,26401.0,36459.0,12.146539665656116,981,946,188,5.0,3.0,1.0,120.0,2.0,4.0,129.0,12820.0,2.0,0.0,6.0,6.0,0.0,0.0,0.0,0.0,0.0,2.0,1.0,0.7129360465116279,0.6875,0.041666666666666664,0.0
38,40,41,27,12,23,306.0,250.0,0.15670130992757864,33,29,6,3.0,2.0,0.0,1.0,1.0,1.0,0.0,0.0,0.0,0.0,0.0,0.0,0.0,1.0,6.0,0.0,0.0,2.0,1.0,0.8048780487804879,0.7073170731707317,3.0,0.0
39,41,1847,958,134,389,7091.0,1390.0,1.086601677007376,1622,1418,211,8.0,7.0,0.0,8.0,1.0,11.0,8.0,285.0,2.0,0.0,20.0,20.0,0.0,5.0,4.0,0.0,0.0,1.0,1.0,0.8781808337845154,0.7677314564158094,1.0,0.0
40,42,2266,1007,138,388,4532.0,9459.0,0.5063397013298319,2017,1844,189,15.0,10.0,0.0,33.0,2.0,62.0,32.0,4559.0,2.0,0.0,13.0,13.0,0.0,5.0,7.0,0.0,0.0,0.0,0.0,0.8901147396293028,0.8137687555163283,0.45454545454545453,0.0
41,43,1762,939,124,296,9406.0,2933.0,0.5313213820614995,1446,1226,237,22.0,7.0,1.0,12.0,1.0,30.0,11.0,634.0,2.0,0.0,20.0,20.0,0.0,3.0,8.0,0.0,0.0,0.0,0.0,0.8206583427922814,0.695800227014756,1.8333333333333333,0.0
42,44,2163,973,116,369,17705.0,1182339.0,1.113161373695047,1906,1781,166,8.0,7.0,1.0,57.0,1.0,16.0,52.0,31099756.0,4.0,0.0,15.0,15.0,0.0,2.0,2.0,0.0,0.0,0.0,0.0,0.8811835413777162,0.8233934350439205,0.14035087719298245,0.0
43,69,116,59,14,34,1043.0,944.0,13.154888300413496,58,84,11,6.0,4.0,0.0,1.0,1.0,0.0,1.0,162.0,1.0,0.0,1.0,1.0,0.0,0.0,0.0,0.0,0.0,2.0,1.0,0.5,0.7241379310344828,6.0,0.0
44,70,1928,974,144,345,24768.0,41354.0,2.9423897230315963,1400,1284,248,18.0,6.0,1.0,12.0,2.0,37.0,11.0,20543.0,2.0,0.0,17.0,17.0,0.0,5.0,7.0,0.0,0.0,1.0,1.0,0.7261410788381742,0.6659751037344398,1.5,0.0
45,71,2116,980,223,248,4788386486.0,32893.0,1.139605466269638,1690,1553,222,10.0,6.0,0.0,34.0,2.0,51.0,33.0,5615.0,2.0,0.0,16.0,16.0,0.0,7.0,12.0,0.0,0.0,0.0,0.0,0.7986767485822306,0.7339319470699432,0.29411764705882354,0.0
46,72,2262,888,170,293,58805.0,1427812.0,1.132477088061642,1808,1646,242,15.0,8.0,0.0,141.0,2.0,37.0,141.0,31106711.0,4.0,0.0,12.0,12.0,0.0,1.0,1.0,0.0,0.0,0.0,0.0,0.7992926613616269,0.7276746242263483,0.10638297872340426,0.0
47,73,2413,920,202,326,26929.0,27346.0,0.4875332266552497,1802,1497,373,81.0,48.0,1.0,10.0,1.0,26.0,9.0,2678.0,2.0,0.0,15.0,15.0,0.0,3.0,5.0,0.0,0.0,0.0,0.0,0.7467882304185661,0.6203895565685869,8.1,0.0
48,74,1106,536,104,244,19356.0,25612.0,2.111461652531056,850,726,151,7.0,4.0,0.0,43.0,1.0,16.0,41.0,6550.0,2.0,0.0,4.0,4.0,0.0,2.0,4.0,0.0,0.0,0.0,0.0,0.7685352622061483,0.6564195298372514,0.16279069767441862,0.0
49,75,38,27,10,20,692.0,4339.0,0.4964807331562042,27,21,7,2.0,2.0,0.0,4.0,3.0,4.0,4.0,4474.0,2.0,0.0,0.0,0.0,0.0,1.0,4.0,0.0,0.0,1.0,1.0,0.7105263157894737,0.5526315789473685,0.5,0.0
50,76,1803,876,146,353,11242.0,10118.0,1.2607330062505229,1416,1151,285,8.0,6.0,0.0,29.0,1.0,31.0,29.0,2141.0,2.0,0.0,14.0,14.0,0.0,4.0,3.0,0.0,0.0,1.0,1.0,0.7853577371048253,0.6383804769828064,0.27586206896551724,0.0
51,77,16,10,3,11,0.0,0.0,0.10708461488996233,12,9,3,1.0,1.0,0.0,4.0,1.0,4.0,5.0,425.0,2.0,0.0,0.0,0.0,0.0,2.0,5.0,0.0,0.0,0.0,0.0,0.75,0.5625,0.25,0.0
52,78,1638,944,119,291,1693.0,4150.0,0.2858693861063554,1385,1193,206,7.0,7.0,0.0,11.0,3.0,62.0,12.0,2123.0,2.0,0.0,16.0,16.0,0.0,2.0,1.0,0.0,0.0,0.0,0.0,0.8455433455433455,0.7283272283272283,0.6363636363636364,0.0
53,79,624,349,58,157,5468.0,1130.0,0.1242295213313918,498,386,122,1.0,1.0,0.0,1.0,1.0,9.0,2.0,320.0,2.0,0.0,6.0,6.0,0.0,1.0,4.0,0.0,0.0,0.0,0.0,0.7980769230769231,0.6185897435897436,1.0,0.0
54,105,93,57,16,35,1282.0,1146.0,0.6071217678211354,63,46,19,5.0,4.0,0.0,2.0,2.0,1.0,1.0,17.0,1.0,0.0,1.0,1.0,0.0,0.0,0.0,0.0,0.0,2.0,1.0,0.6774193548387096,0.4946236559139785,2.5,0.0
55,106,2103,1121,154,279,32108.0,25578.0,0.6318055053603867,1708,1419,304,15.0,8.0,0.0,12.0,1.0,6.0,11.0,1080.0,2.0,0.0,15.0,15.0,0.0,5.0,7.0,0.0,19.0,2.0,1.0,0.8121730860675226,0.6747503566333809,1.25,0.0
56,107,40554,2662,98,206,25305.0,39617.0,20.651058821316226,1589,40008,215,14.0,8.0,0.0,64.0,2.0,18.0,63.0,9816.0,2.0,0.0,9.0,9.0,0.0,2.0,4.0,0.0,10.0,0.0,0.0,0.03918232480149923,0.9865364698919958,0.21875,0.0
57,108,68517,3789,185,894,27626.0,22868.0,21.045094995312677,2171,67920,229,8.0,6.0,0.0,3.0,1.0,25.0,2.0,183.0,2.0,0.0,21.0,21.0,0.0,5.0,10.0,0.0,11.0,0.0,0.0,0.031685567085540815,0.9912868339244275,2.6666666666666665,0.0
58,109,1543,891,111,233,39427.0,31674.0,0.8647958578405429,1226,1052,206,10.0,7.0,0.0,44.0,2.0,13.0,46.0,3979.0,3.0,0.0,14.0,14.0,0.0,2.0,0.0,0.0,10.0,0.0,0.0,0.7945560596241089,0.6817887232663642,0.22727272727272727,0.0
59,110,1504,790,125,263,27417.0,27431.0,0.6883141189318213,1205,1037,183,9.0,6.0,0.0,14.0,2.0,4.0,15.0,2377.0,2.0,0.0,16.0,16.0,0.0,2.0,4.0,0.0,1.0,0.0,0.0,0.8011968085106383,0.6894946808510638,0.6428571428571429,0.0
60,111,1628,802,130,266,24515.0,26868.0,0.7894058589307656,1246,998,261,16.0,9.0,0.0,12.0,2.0,25.0,11.0,3308.0,2.0,0.0,17.0,17.0,0.0,4.0,6.0,6.0,10.0,0.0,0.0,0.7653562653562653,0.6130221130221131,1.3333333333333333,0.5
61,112,671,253,75,125,7585.0,7787.0,1.5002336848954685,539,456,91,7.0,5.0,0.0,6.0,3.0,2.0,5.0,1424.0,2.0,0.0,6.0,6.0,0.0,3.0,3.0,0.0,0.0,0.0,0.0,0.8032786885245902,0.6795827123695977,1.1666666666666667,0.0
62,113,2087,786,162,384,95378.0,145126.0,0.7587061643600463,1580,1521,223,14.0,11.0,0.0,319.0,1.0,15.0,320.0,70699.0,2.0,0.0,15.0,15.0,0.0,4.0,6.0,0.0,0.0,1.0,1.0,0.7570675610924772,0.7287973167225683,0.0438871473354232,0.0
63,114,1510,744,153,236,29760.0,31026.0,1.0866462021176495,1148,977,212,6.0,5.0,0.0,21.0,2.0,15.0,19.0,1514.0,2.0,0.0,14.0,14.0,0.0,2.0,6.0,0.0,5.0,0.0,0.0,0.7602649006622516,0.6470198675496689,0.2857142857142857,0.0
64,115,2059,794,116,502,104767.0,115611.0,0.9574978067644813,1482,1362,299,7.0,7.0,0.0,314.0,1.0,20.0,313.0,33364.0,2.0,0.0,12.0,12.0,0.0,4.0,5.0,0.0,0.0,0.0,0.0,0.7197668771248179,0.661486158329286,0.022292993630573247,0.0
65,116,9414,696,110,529,229305.0,161235.0,0.1784279923407591,8797,8724,282,5.0,5.0,0.0,258.0,4.0,10.0,430.0,227339.0,5.0,0.0,16.0,16.0,0.0,5.0,8.0,0.0,10.0,0.0,0.0,0.9344593159124708,0.9267049075844487,0.01937984496124031,0.0
66,117,1621,733,128,396,27694.0,26705.0,0.7650211597949498,1266,1052,232,15.0,11.0,0.0,14.0,3.0,10.0,15.0,2823.0,2.0,0.0,19.0,19.0,0.0,2.0,5.0,0.0,0.0,2.0,1.0,0.7809993830968538,0.64898210980876,1.0714285714285714,0.0
67,118,1767,741,120,336,25291.0,33099.0,0.7842178659579943,1324,1050,303,9.0,8.0,0.0,35.0,3.0,23.0,35.0,5479.0,3.0,0.0,13.0,13.0,0.0,7.0,8.0,0.0,0.0,0.0,0.0,0.7492925863044708,0.5942275042444821,0.2571428571428571,0.0
68,119,1765,814,120,301,35296.0,41036.0,0.964932407765732,1301,1079,293,43.0,10.0,0.0,72.0,2.0,44.0,74.0,7288.0,3.0,0.0,16.0,16.0,0.0,6.0,13.0,0.0,0.0,0.0,0.0,0.7371104815864022,0.6113314447592068,0.5972222222222222,0.0
69,120,1812,933,126,294,33725.0,40172.0,0.512582577546192,1407,1187,258,5.0,4.0,0.0,52.0,3.0,17.0,54.0,5713.0,3.0,0.0,12.0,12.0,0.0,2.0,2.0,0.0,0.0,0.0,0.0,0.7764900662251656,0.6550772626931567,0.09615384615384616,0.0
70,121,2581,1103,141,470,158930.0,136928.0,1.1804500717392512,1800,1838,263,13.0,10.0,0.0,530.0,2.0,15.0,532.0,12143.0,3.0,0.0,13.0,13.0,0.0,4.0,9.0,0.0,0.0,0.0,0.0,0.6974041069352964,0.7121270825261526,0.024528301886792454,0.0
71,122,1922,1037,117,291,33321.0,32071.0,0.7408308703830883,1525,1320,248,11.0,10.0,0.0,40.0,2.0,7.0,37.0,3304.0,2.0,0.0,15.0,15.0,0.0,2.0,1.0,0.0,0.0,1.0,1.0,0.7934443288241415,0.6867845993756504,0.275,0.0
72,123,1733,954,91,316,26319.0,23634.0,0.4476914826867192,1441,1277,175,6.0,5.0,0.0,10.0,1.0,7.0,9.0,302.0,2.0,0.0,20.0,20.0,0.0,5.0,7.0,0.0,0.0,0.0,0.0,0.8315060588574726,0.7368724754760531,0.6,0.0
73,124,1735,959,102,320,36667.0,31311.0,0.8090077742324886,1397,1240,201,4.0,3.0,0.0,43.0,1.0,6.0,44.0,4131.0,2.0,0.0,15.0,15.0,0.0,4.0,9.0,0.0,0.0,1.0,1.0,0.8051873198847262,0.7146974063400576,0.09302325581395349,0.0
74,125,1885,1130,117,322,26859.0,31964.0,0.4119382834527039,1583,1447,161,9.0,7.0,0.0,39.0,2.0,16.0,41.0,3832.0,3.0,0.0,16.0,16.0,0.0,2.0,2.0,0.0,0.0,0.0,0.0,0.839787798408488,0.7676392572944297,0.23076923076923078,0.0
75,126,1945,1102,109,284,26516.0,31106.0,0.420841189286181,1626,1483,172,8.0,7.0,0.0,36.0,1.0,19.0,39.0,4005.0,3.0,0.0,17.0,17.0,0.0,7.0,11.0,0.0,0.0,0.0,0.0,0.8359897172236503,0.7624678663239075,0.2222222222222222,0.0
76,127,2250,1190,112,343,41358.0,47757.0,0.611389635403951,1774,1540,309,9.0,8.0,0.0,120.0,1.0,28.0,123.0,11568.0,3.0,0.0,13.0,13.0,0.0,3.0,5.0,0.0,0.0,0.0,0.0,0.7884444444444444,0.6844444444444444,0.075,0.0
77,128,2440,1202,110,526,75731.0,54204.0,0.6008599167560744,2000,1773,321,6.0,6.0,0.0,154.0,2.0,15.0,153.0,9693.0,3.0,0.0,6.0,6.0,0.0,2.0,2.0,0.0,0.0,1.0,1.0,0.819672131147541,0.726639344262295,0.03896103896103896,0.0
78,129,2210,1220,119,335,91794.0,72194.0,0.9063806361065502,1724,1769,214,11.0,8.0,0.0,225.0,1.0,2.0,224.0,7185.0,2.0,0.0,9.0,9.0,0.0,2.0,8.0,0.0,0.0,1.0,1.0,0.7800904977375566,0.8004524886877828,0.04888888888888889,0.0
79,130,1950,1200,117,353,20507.0,1156751386.0,0.2783818310296878,1693,1526,216,5.0,5.0,0.0,42.0,1.0,17.0,43.0,1216.0,2.0,0.0,17.0,17.0,0.0,3.0,7.0,0.0,0.0,0.0,0.0,0.8682051282051282,0.7825641025641026,0.11904761904761904,0.0
80,131,1903,1074,119,341,74140.0,31087.0,0.45324872893344564,1548,1446,231,11.0,9.0,0.0,157.0,2.0,18.0,158.0,6235.0,3.0,0.0,9.0,9.0,0.0,1.0,4.0,0.0,0.0,1.0,1.0,0.8134524435102469,0.7598528638991067,0.07006369426751592,0.0
81,132,1867,1134,119,334,21286.0,21160.0,0.4386254139269813,1562,1474,192,6.0,5.0,0.0,73.0,2.0,4.0,73.0,2580.0,2.0,0.0,5.0,5.0,0.0,4.0,7.0,0.0,0.0,0.0,0.0,0.83663631494376,0.7895018746652384,0.0821917808219178,0.0
82,133,2001,1172,134,355,58405.0,24043.0,0.7232820995482702,1660,1515,234,10.0,9.0,0.0,87.0,3.0,10.0,85.0,6794.0,2.0,0.0,8.0,8.0,0.0,3.0,3.0,0.0,0.0,0.0,0.0,0.8295852073963018,0.7571214392803598,0.11494252873563218,0.0
83,134,2072,1077,115,336,40934.0,40410.0,0.7297364164226062,1642,1497,222,5.0,5.0,0.0,81.0,2.0,13.0,79.0,7147.0,3.0,0.0,10.0,10.0,0.0,3.0,9.0,0.0,0.0,0.0,0.0,0.7924710424710425,0.7224903474903475,0.06172839506172839,0.0
84,135,1770,932,99,324,24805.0,27679.0,0.5896161261285532,1391,1209,205,9.0,7.0,0.0,23.0,1.0,13.0,23.0,2024.0,2.0,0.0,16.0,16.0,0.0,1.0,4.0,0.0,5.0,0.0,0.0,0.7858757062146893,0.6830508474576271,0.391304347826087,0.0
85,136,1817,959,119,374,34031.0,29247.0,0.6294609222341986,1437,1257,210,7.0,7.0,0.0,35.0,1.0,21.0,38.0,3051.0,3.0,0.0,17.0,17.0,0.0,2.0,4.0,0.0,1.0,0.0,0.0,0.7908640616400661,0.6917996697853604,0.2,0.0
86,137,1972,1066,97,516,35817.0,25779.0,0.8710643774679956,1651,1544,131,7.0,7.0,0.0,15.0,1.0,20.0,15.0,404.0,2.0,0.0,17.0,17.0,0.0,2.0,0.0,0.0,0.0,0.0,0.0,0.8372210953346856,0.7829614604462475,0.4666666666666667,0.0
87,138,4174,1199,106,556,1122872.0,888250.0,1.8039360884073619,1810,3704,153,11.0,7.0,3.0,4062.0,4.0,22.0,4062.0,69964.0,2.0,0.0,13.0,13.0,0.0,4.0,6.0,0.0,1.0,0.0,0.0,0.4336367992333493,0.8873981792046,0.0027080256031511572,0.0
88,139,2067,1207,110,375,29590.0,24770.0,0.44040663173740496,1756,1606,161,10.0,10.0,0.0,9.0,2.0,18.0,11.0,2018.0,2.0,0.0,18.0,18.0,0.0,6.0,18.0,0.0,0.0,0.0,0.0,0.849540396710208,0.7769714562167392,1.1111111111111112,0.0
89,140,1959,1079,107,368,31414.0,29473.0,0.4597540215245619,1623,1490,158,12.0,12.0,0.0,19.0,1.0,40.0,21.0,3821.0,2.0,0.0,12.0,12.0,0.0,4.0,3.0,0.0,0.0,0.0,0.0,0.8284839203675345,0.7605921388463501,0.631578947368421,0.0
90,141,2024,1130,93,451,37379.0,29598.0,0.6694189188228136,1669,1567,140,9.0,9.0,0.0,34.0,1.0,26.0,34.0,1322.0,2.0,0.0,14.0,14.0,0.0,4.0,9.0,0.0,1.0,0.0,0.0,0.8246047430830039,0.7742094861660079,0.2647058823529412,0.0
91,142,2349,1460,94,386,34799.0,34021.0,0.43743236240892247,1974,1881,153,6.0,6.0,0.0,135.0,1.0,28.0,135.0,3838.0,2.0,0.0,17.0,17.0,0.0,0.0,0.0,0.0,0.0,0.0,0.0,0.8403575989782887,0.8007662835249042,0.044444444444444446,0.0
92,143,2283,1411,94,397,41806.0,39820.0,0.4925785837814464,1889,1873,126,8.0,8.0,0.0,28.0,1.0,28.0,29.0,2023.0,2.0,0.0,16.0,16.0,0.0,3.0,6.0,0.0,9.0,0.0,0.0,0.8274200613228209,0.8204117389399912,0.2857142857142857,0.0
93,144,2447,1322,108,424,53316.0,48907.0,0.5136496153525185,1890,1860,191,39.0,8.0,0.0,125.0,1.0,30.0,125.0,2720.0,2.0,0.0,19.0,19.0,0.0,4.0,8.0,0.0,0.0,0.0,0.0,0.7723743359215366,0.760114425827544,0.312,0.0
94,145,2783,1278,85,380,107762.0,14262627.0,0.683281824547363,2283,2310,189,5.0,5.0,0.0,283.0,3.0,9.0,281.0,31104253.0,4.0,0.0,12.0,12.0,0.0,1.0,1.0,0.0,0.0,0.0,0.0,0.8203377650017967,0.8300395256916996,0.0176678445229682,0.0
95,146,2701,1252,101,387,12391.0,7772.0,0.23326934080317854,2441,2285,175,6.0,5.0,0.0,15.0,1.0,10.0,15.0,1500.0,2.0,0.0,14.0,14.0,0.0,5.0,6.0,0.0,0.0,0.0,0.0,0.9037393557941503,0.8459829692706405,0.4,0.0
96,147,2158,1252,110,351,56536.0,43511.0,1.6522373623019146,1748,1602,239,324.0,8.0,144.0,26.0,2.0,8.0,28.0,1749.0,2.0,0.0,17.0,17.0,0.0,7.0,10.0,0.0,0.0,0.0,0.0,0.8100092678405931,0.742354031510658,12.461538461538462,0.0
97,148,2331,1103,102,417,26909.0,26244.0,0.44718796823340956,2013,1883,151,8.0,8.0,0.0,13.0,2.0,31.0,13.0,1850.0,2.0,0.0,15.0,15.0,0.0,4.0,9.0,0.0,0.0,0.0,0.0,0.8635778635778636,0.8078078078078078,0.6153846153846154,0.0
98,149,2721,1103,101,442,26814.0,26052.0,0.3694640570211065,2397,2254,154,5.0,5.0,0.0,10.0,1.0,25.0,9.0,2682.0,2.0,0.0,16.0,16.0,0.0,3.0,6.0,0.0,0.0,0.0,0.0,0.8809261300992283,0.8283719220874678,0.5,0.0
99,150,1974,1025,91,491,24820.0,31528.0,0.5299653098765729,1661,1552,128,6.0,6.0,0.0,33.0,2.0,19.0,32.0,3422.0,2.0,0.0,15.0,15.0,0.0,1.0,0.0,0.0,0.0,0.0,0.0,0.8414387031408308,0.7862208713272543,0.18181818181818182,0.0
100,151,1751,864,88,474,40193.0,36693.0,0.7597531372895684,1416,1334,135,7.0,7.0,0.0,73.0,1.0,6.0,74.0,2821.0,2.0,0.0,12.0,12.0,0.0,4.0,5.0,0.0,0.0,0.0,0.0,0.80868075385494,0.7618503712164477,0.0958904109589041,0.0
101,152,1787,878,104,352,144954508.0,35032.0,0.8217061980419568,1364,1203,224,15.0,5.0,7.0,53.0,1.0,15.0,53.0,2406.0,2.0,0.0,11.0,11.0,0.0,3.0,5.0,0.0,0.0,0.0,0.0,0.7632904308897593,0.6731952993844432,0.2830188679245283,0.0
102,153,1957,878,115,370,33990.0,25861.0,1.0265134806742804,1460,1310,252,97.0,10.0,15.0,13.0,1.0,18.0,14.0,1660.0,2.0,0.0,18.0,18.0,0.0,4.0,9.0,0.0,0.0,0.0,0.0,0.7460398569238631,0.6693919264179867,7.461538461538462,0.0
103,154,2095,1001,124,518,8110638977.0,29180.0,2.3600021396736497,1672,1542,202,40.0,12.0,24.0,27.0,1.0,10.0,25.0,2359.0,2.0,0.0,16.0,16.0,0.0,5.0,5.0,0.0,0.0,1.0,1.0,0.798090692124105,0.7360381861575179,1.4814814814814814,0.0
104,155,2250,1060,101,682,29481.0,33457.0,0.7133585900776329,1871,1747,171,11.0,8.0,0.0,47.0,1.0,10.0,48.0,3946.0,2.0,0.0,12.0,12.0,0.0,2.0,4.0,0.0,0.0,0.0,0.0,0.8315555555555556,0.7764444444444445,0.23404255319148937,0.0
105,156,4322,1126,108,1519,188445866.0,70281.0,0.5216589291849476,3796,3871,156,4.0,4.0,0.0,178.0,2.0,59.0,180.0,17997.0,3.0,0.0,11.0,11.0,0.0,2.0,4.0,0.0,0.0,0.0,0.0,0.8782970846830171,0.8956501619620546,0.02247191011235955,0.0
106,157,2415,1132,97,645,6265384783.0,43170.0,1.4456712328826462,1980,1811,232,7.0,6.0,0.0,86.0,2.0,9.0,85.0,6182.0,2.0,0.0,12.0,12.0,0.0,4.0,8.0,6.0,0.0,0.0,0.0,0.8198757763975155,0.749896480331263,0.08139534883720931,0.42857142857142855
107,158,2235,1253,88,466,25668.0,26469.0,0.5159216623281632,1945,1831,130,6.0,6.0,0.0,24.0,1.0,5.0,24.0,1802.0,2.0,0.0,16.0,16.0,0.0,3.0,4.0,0.0,0.0,0.0,0.0,0.8702460850111857,0.8192393736017897,0.25,0.0
108,159,2153,1298,107,335,1661221.0,45473.0,1.0656753346655103,1766,1694,168,25.0,9.0,0.0,114.0,1.0,13.0,113.0,1598840.0,3.0,0.0,11.0,11.0,0.0,4.0,11.0,0.0,0.0,0.0,0.0,0.8202508128193219,0.786809103576405,0.21929824561403508,0.0
109,160,1995,1218,106,360,27400.0,27462.0,0.6061473444379648,1682,1568,133,4.0,4.0,0.0,16.0,1.0,9.0,15.0,2487.0,2.0,0.0,15.0,15.0,0.0,5.0,7.0,6.0,0.0,1.0,1.0,0.8431077694235589,0.7859649122807018,0.25,0.46153846153846156
110,161,3421,1089,106,546,479537.0,594005.0,1.1532996377865115,1749,3000,140,6.0,6.0,0.0,1931.0,1.0,11.0,1933.0,238159.0,2.0,0.0,11.0,11.0,0.0,4.0,6.0,0.0,0.0,0.0,0.0,0.5112540192926045,0.8769365682548962,0.0031071983428275505,0.0
111,162,2768,1561,94,443,27888.0,31439.0,0.4523423647115212,2453,2349,125,7.0,7.0,0.0,15.0,1.0,4.0,15.0,1428.0,2.0,0.0,14.0,14.0,0.0,4.0,6.0,0.0,0.0,0.0,0.0,0.8861994219653179,0.8486271676300579,0.4666666666666667,0.0
112,163,2732,1517,102,384,26507.0,31718.0,0.3252655380102969,2411,2339,123,5.0,5.0,0.0,34.0,1.0,11.0,36.0,3272.0,3.0,0.0,19.0,19.0,0.0,0.0,0.0,0.0,0.0,0.0,0.0,0.8825036603221084,0.8561493411420205,0.14705882352941177,0.0
113,164,2386,1319,97,471,29771.0,25211.0,0.4628342155598035,2078,1939,148,4.0,3.0,0.0,13.0,1.0,8.0,12.0,1544.0,2.0,0.0,13.0,13.0,0.0,4.0,10.0,0.0,1.0,0.0,0.0,0.8709136630343671,0.8126571668063705,0.3076923076923077,0.0
114,165,2383,1188,97,565,853655550.0,27937.0,0.9410109780505745,2020,1886,161,8.0,8.0,0.0,27.0,1.0,5.0,27.0,1054.0,2.0,0.0,18.0,18.0,0.0,5.0,5.0,0.0,0.0,0.0,0.0,0.8476710029374738,0.7914393621485523,0.2962962962962963,0.0
115,166,2207,1155,95,535,25781.0,24813.0,0.4400294030899609,1883,1742,154,6.0,6.0,0.0,11.0,1.0,7.0,12.0,1734.0,2.0,0.0,18.0,18.0,0.0,2.0,5.0,0.0,0.0,0.0,0.0,0.8531943815133666,0.7893067512460353,0.5454545454545454,0.0
116,167,2794,1215,109,978,35981.0,31984.0,0.6027031692195929,2408,2275,180,9.0,8.0,0.0,37.0,1.0,11.0,37.0,3155.0,2.0,0.0,13.0,13.0,0.0,4.0,6.0,0.0,0.0,0.0,0.0,0.8618468146027202,0.8142448103078024,0.24324324324324326,0.0
117,168,2684,1241,100,967,32433.0,26724.0,0.4949750705392577,2385,2240,164,6.0,6.0,0.0,15.0,2.0,12.0,13.0,2449.0,2.0,0.0,15.0,15.0,0.0,5.0,6.0,0.0,0.0,1.0,1.0,0.8885991058122206,0.834575260804769,0.4,0.0
118,169,3323,2053,93,824,32282.0,25714.0,0.2830513421560539,3035,2919,135,8.0,5.0,0.0,20.0,1.0,8.0,22.0,758.0,2.0,0.0,20.0,20.0,0.0,2.0,2.0,0.0,0.0,0.0,0.0,0.9133313271140535,0.8784231116461029,0.4,0.0
119,170,2871,1904,97,546,9420.0,8320.0,0.3010897875398917,2642,2497,159,10.0,8.0,0.0,11.0,1.0,7.0,11.0,1972.0,2.0,0.0,14.0,14.0,0.0,5.0,9.0,0.0,0.0,0.0,0.0,0.920236851271334,0.8697318007662835,0.9090909090909091,0.0
120,171,3025,1923,103,618,25127.0,24933.0,0.32783654738556256,2681,2534,161,6.0,5.0,0.0,16.0,1.0,5.0,15.0,1253.0,2.0,0.0,12.0,12.0,0.0,2.0,4.0,0.0,0.0,0.0,0.0,0.8862809917355372,0.8376859504132231,0.375,0.0
121,172,2816,1597,81,688,42453.0,47203.0,1.0254632945471829,2440,2408,131,7.0,5.0,0.0,118.0,2.0,4.0,117.0,3361.0,2.0,0.0,11.0,11.0,0.0,2.0,2.0,0.0,0.0,0.0,0.0,0.8664772727272727,0.8551136363636364,0.059322033898305086,0.0
122,173,2936,1454,107,863,30761.0,24353.0,0.5226470814425336,2550,2303,265,5.0,5.0,0.0,11.0,1.0,2.0,11.0,947.0,2.0,0.0,20.0,20.0,0.0,3.0,8.0,0.0,0.0,0.0,0.0,0.8685286103542235,0.784400544959128,0.45454545454545453,0.0
123,174,3124,1388,106,1140,31582.0,26868.0,0.44143899740596126,2784,2632,183,10.0,7.0,0.0,24.0,2.0,3.0,25.0,914.0,2.0,0.0,17.0,17.0,0.0,4.0,7.0,0.0,0.0,0.0,0.0,0.8911651728553137,0.8425096030729834,0.4166666666666667,0.0
124,175,3030,1419,105,1100,35177.0,23234.0,0.5646304750087979,2747,2570,185,6.0,6.0,0.0,7.0,1.0,2.0,7.0,566.0,2.0,0.0,18.0,18.0,0.0,4.0,2.0,0.0,0.0,0.0,0.0,0.9066006600660066,0.8481848184818482,0.8571428571428571,0.0
125,176,2041,1226,99,455,27346.0,24976.0,0.4786815993966708,1758,1622,147,8.0,6.0,0.0,14.0,1.0,9.0,13.0,1561.0,2.0,0.0,15.0,15.0,0.0,7.0,13.0,0.0,0.0,0.0,0.0,0.8613424791768741,0.7947084762371387,0.5714285714285714,0.0
126,177,1807,1129,91,352,40108.0,845112144.0,0.5534488398929117,1544,1452,116,7.0,7.0,0.0,159.0,2.0,5.0,52.0,6398.0,2.0,0.0,17.0,17.0,0.0,2.0,6.0,0.0,0.0,0.0,0.0,0.8544548976203652,0.8035417819590481,0.0440251572327044,0.0
127,178,1967,1161,97,379,64911.0,72033.0,0.7556063415349755,1635,1521,161,5.0,4.0,0.0,189.0,2.0,7.0,84.0,6288.0,2.0,0.0,10.0,10.0,0.0,3.0,6.0,0.0,0.0,0.0,0.0,0.8312150482968989,0.7732587697000508,0.026455026455026454,0.0
128,179,1786,1088,89,230,96481.0,12510296.0,2.0275569134002747,1472,1375,127,9.0,8.0,0.0,175.0,1.0,6.0,153.0,46668810.0,4.0,0.0,14.0,14.0,0.0,6.0,7.0,0.0,0.0,0.0,0.0,0.8241881298992161,0.7698768197088466,0.05142857142857143,0.0
129,180,1575,1021,87,198,29411.0,29654.0,0.619457844395258,1281,1177,123,4.0,4.0,0.0,15.0,1.0,5.0,15.0,698.0,2.0,0.0,14.0,14.0,0.0,0.0,0.0,0.0,0.0,0.0,0.0,0.8133333333333334,0.7473015873015874,0.26666666666666666,0.0
130,181,1813,1029,93,385,30729.0,47139.0,0.6176282266974847,1531,1410,131,15.0,8.0,0.0,18.0,2.0,12.0,17.0,2318.0,2.0,0.0,13.0,13.0,0.0,4.0,6.0,0.0,0.0,0.0,0.0,0.8444567015995588,0.7777164920022063,0.8333333333333334,0.0
131,182,2614,1072,90,1004,34483.0,35226.0,0.43108576599475557,2309,2168,157,5.0,5.0,0.0,17.0,1.0,7.0,16.0,1293.0,2.0,0.0,19.0,19.0,0.0,8.0,17.0,0.0,0.0,0.0,0.0,0.8833205814843152,0.8293802601377199,0.29411764705882354,0.0
132,183,2480,1076,94,873,64197.0,2613315.0,1.1041489807057756,2098,2000,162,11.0,8.0,0.0,113.0,4.0,4.0,109.0,31150238.0,4.0,0.0,11.0,11.0,0.0,2.0,10.0,0.0,0.0,0.0,0.0,0.8459677419354839,0.8064516129032258,0.09734513274336283,0.0
133,184,3073,1106,112,704,78843.0,79166.0,11.374110529618303,2459,2509,212,9.0,7.0,0.0,247.0,2.0,2.0,249.0,6372.0,2.0,0.0,14.0,14.0,0.0,1.0,0.0,0.0,0.0,0.0,0.0,0.8001952489424016,0.8164659941425317,0.03643724696356275,0.0
134,185,2385,956,93,756,31342.0,30943.0,0.48721189957080707,2049,1887,178,8.0,8.0,0.0,14.0,1.0,0.0,14.0,2188.0,2.0,0.0,17.0,17.0,0.0,2.0,4.0,0.0,0.0,0.0,0.0,0.8591194968553459,0.7911949685534592,0.5714285714285714,0.0
135,186,2431,1022,90,385,38992.0,34197.0,0.5540691647857681,2028,1982,149,12.0,11.0,0.0,36.0,1.0,12.0,36.0,637.0,2.0,0.0,17.0,17.0,0.0,4.0,8.0,0.0,0.0,0.0,0.0,0.8342245989304813,0.8153023447141095,0.3333333333333333,0.0
136,187,2690,950,83,834,71130.0,18739711.0,1.0827645777181034,2182,2116,145,8.0,8.0,0.0,170.0,1.0,5.0,164.0,46611082.0,4.0,0.0,16.0,16.0,0.0,2.0,0.0,0.0,0.0,0.0,0.0,0.8111524163568773,0.7866171003717473,0.047058823529411764,0.0
137,188,93,59,9,50,914.0,914.0,0.5895232165732035,82,77,5,0.0,0.0,0.0,0.0,0.0,0.0,0.0,0.0,0.0,0.0,0.0,0.0,0.0,0.0,0.0,0.0,0.0,0.0,0.0,0.8817204301075269,0.8279569892473119,0.0,0.0
138,205,1826,880,105,587,26151.0,63031.0,0.497571523299437,1536,1385,159,23.0,9.0,0.0,8.0,1.0,5.0,7.0,38012.0,2.0,0.0,15.0,15.0,0.0,3.0,2.0,0.0,0.0,0.0,0.0,0.8411829134720701,0.7584884994523549,2.875,0.0
139,206,676,310,35,303,793860.0,793558.0,0.529793331899924,588,545,47,3.0,2.0,0.0,2.0,1.0,1.0,2.0,34.0,1.0,0.0,5.0,5.0,0.0,0.0,0.0,0.0,0.0,0.0,0.0,0.8698224852071006,0.8062130177514792,1.5,0.0
140,209,1741,1012,115,190,32048.0,28369.0,0.9408997165587487,1415,1266,162,8.0,7.0,0.0,14.0,2.0,21.0,14.0,1360.0,3.0,0.0,16.0,16.0,0.0,3.0,3.0,0.0,0.0,0.0,0.0,0.8127512923607122,0.7271682940838599,0.5714285714285714,0.0
141,210,1701,1015,89,291,30761.0,34907.0,1.1245411320827727,1370,1257,151,5.0,5.0,0.0,28.0,3.0,10.0,31.0,4043.0,4.0,0.0,16.0,16.0,0.0,6.0,10.0,0.0,0.0,0.0,0.0,0.805408583186361,0.7389770723104057,0.17857142857142858,0.0
142,211,1874,1064,105,429,28049.0,27025.0,0.6286191429529503,1511,1324,217,15.0,6.0,0.0,16.0,2.0,6.0,14.0,2466.0,2.0,0.0,15.0,15.0,0.0,3.0,5.0,0.0,0.0,0.0,0.0,0.8062966915688368,0.7065101387406617,0.9375,0.0
143,212,124,85,20,53,220.0,0.0,0.9098403876340841,100,79,22,0.0,0.0,0.0,0.0,0.0,0.0,0.0,0.0,0.0,0.0,2.0,2.0,0.0,0.0,0.0,0.0,0.0,0.0,0.0,0.8064516129032258,0.6370967741935484,0.0,0.0
144,213,1357,800,75,304,24070.0,27364.0,0.5675281470126294,1117,1033,103,8.0,7.0,0.0,21.0,2.0,13.0,22.0,3666.0,2.0,0.0,11.0,11.0,0.0,2.0,2.0,0.0,0.0,0.0,0.0,0.8231392778187178,0.7612380250552689,0.38095238095238093,0.0
145,214,1863,1045,87,357,35518.0,38318.0,0.7544754337757191,1517,1386,173,9.0,9.0,0.0,43.0,1.0,13.0,42.0,5162.0,2.0,0.0,15.0,15.0,0.0,5.0,6.0,0.0,0.0,0.0,0.0,0.8142780461621041,0.7439613526570048,0.20930232558139536,0.0
146,215,1994,1045,128,443,41000.0,36587.0,0.6901299147852178,1646,1475,203,6.0,6.0,0.0,18.0,1.0,25.0,19.0,2963.0,2.0,0.0,15.0,15.0,0.0,3.0,9.0,0.0,0.0,0.0,0.0,0.8254764292878636,0.7397191574724172,0.3333333333333333,0.0
147,216,6295,1048,98,4424,11627.0,9231.0,0.6836769239088916,6071,5911,187,7.0,5.0,0.0,23.0,2.0,8.0,24.0,2662.0,2.0,0.0,15.0,15.0,0.0,6.0,3.0,6.0,0.0,0.0,0.0,0.964416203335981,0.9389992057188244,0.30434782608695654,0.6666666666666666
148,217,2167,1000,98,780,24098.0,27226.0,0.47652152258721603,1889,1767,136,8.0,7.0,0.0,10.0,2.0,10.0,11.0,2562.0,2.0,0.0,17.0,17.0,0.0,3.0,6.0,0.0,1.0,0.0,0.0,0.8717120443008768,0.8154130133825566,0.8,0.0
149,218,2107,904,111,803,27070.0,32756.0,0.6001169030955945,1818,1706,146,4.0,4.0,0.0,40.0,2.0,6.0,38.0,10008.0,2.0,0.0,10.0,10.0,0.0,6.0,8.0,0.0,0.0,0.0,0.0,0.8628381585192216,0.8096820123398196,0.1,0.0
150,219,2019,955,93,604,49809.0,49342.0,2.38022702594973,1658,1532,191,11.0,6.0,0.0,67.0,1.0,13.0,97.0,30252.0,2.0,0.0,13.0,13.0,0.0,2.0,2.0,0.0,0.0,0.0,0.0,0.821198613174839,0.758791480931154,0.16417910447761194,0.0
151,220,2108,951,111,663,37775.0,60025.0,1.28376040252538,1728,1653,172,6.0,3.0,1.0,84.0,2.0,10.0,84.0,11830.0,2.0,0.0,12.0,12.0,0.0,3.0,8.0,6.0,0.0,0.0,0.0,0.8197343453510436,0.7841555977229602,0.07142857142857142,0.42857142857142855
152,221,3453,919,87,620,32987.0,31636.0,0.35780681689710353,3103,2947,187,5.0,5.0,0.0,28.0,3.0,14.0,28.0,4982.0,2.0,0.0,12.0,12.0,0.0,3.0,4.0,0.0,2.0,0.0,0.0,0.8986388647552852,0.8534607587604981,0.17857142857142858,0.0
153,222,1881,887,98,566,28695.0,37809.0,0.708259855132976,1550,1413,176,9.0,9.0,0.0,33.0,1.0,3.0,33.0,9586.0,2.0,0.0,15.0,15.0,0.0,2.0,4.0,0.0,0.0,0.0,0.0,0.8240297713981924,0.7511961722488039,0.2727272727272727,0.0
154,223,2026,975,110,540,26165.0,41994.0,0.5269644153336797,1666,1490,213,9.0,7.0,0.0,39.0,1.0,10.0,39.0,13430.0,2.0,0.0,15.0,15.0,0.0,3.0,6.0,0.0,0.0,0.0,0.0,0.8223099703849951,0.7354392892398816,0.23076923076923078,0.0
155,224,1985,964,120,540,24978.0,38311.0,0.5748080609423836,1665,1545,157,5.0,5.0,0.0,35.0,1.0,4.0,34.0,10577.0,2.0,0.0,13.0,13.0,0.0,4.0,3.0,0.0,0.0,0.0,0.0,0.8387909319899244,0.7783375314861462,0.14285714285714285,0.0
156,225,2509,988,91,932,30972.0,41680.0,0.6976003888025449,2118,1967,197,5.0,5.0,0.0,44.0,1.0,15.0,37.0,13168.0,3.0,0.0,11.0,11.0,0.0,6.0,10.0,6.0,0.0,0.0,0.0,0.8441610203268234,0.7839776803507373,0.11363636363636363,0.375
157,226,2394,919,104,970,31969.0,43147.0,1.0325707665950454,2035,1928,164,5.0,5.0,0.0,54.0,2.0,3.0,46.0,12362.0,2.0,0.0,11.0,11.0,0.0,1.0,6.0,0.0,0.0,0.0,0.0,0.8500417710944027,0.8053467000835421,0.09259259259259259,0.0
158,227,2270,882,89,963,25992.0,27420.0,0.5277934407135839,1970,1843,148,6.0,6.0,0.0,22.0,1.0,7.0,22.0,4438.0,2.0,0.0,16.0,16.0,0.0,1.0,4.0,0.0,0.0,0.0,0.0,0.8678414096916299,0.8118942731277533,0.2727272727272727,0.0
159,228,2578,906,97,1069,26659.0,30884.0,0.39308892174890125,2211,2001,228,8.0,7.0,0.0,12.0,1.0,10.0,12.0,4213.0,2.0,0.0,18.0,18.0,0.0,1.0,4.0,0.0,0.0,0.0,0.0,0.8576415826221877,0.7761830876648564,0.6666666666666666,0.0
160,229,2702,932,79,1200,51259.0,53324.0,0.46447220207629736,2395,2252,173,8.0,7.0,0.0,152.0,2.0,11.0,40.0,3833.0,2.0,0.0,15.0,15.0,0.0,4.0,8.0,0.0,0.0,0.0,0.0,0.886380458919319,0.8334566987416728,0.05263157894736842,0.0
161,230,2272,956,84,885,30875.0,35832.0,0.8269144560927902,1935,1799,177,7.0,7.0,0.0,48.0,2.0,8.0,47.0,8081.0,2.0,0.0,11.0,11.0,0.0,2.0,2.0,0.0,0.0,0.0,0.0,0.8516725352112676,0.7918133802816901,0.14583333333333334,0.0
162,231,2126,1029,83,681,36757.0,27582.0,0.647835729832701,1810,1455,377,4.0,4.0,0.0,8.0,2.0,5.0,8.0,1475.0,2.0,0.0,17.0,17.0,0.0,4.0,2.0,6.0,0.0,0.0,0.0,0.8513640639698965,0.6843838193791157,0.5,0.75
163,232,2129,964,102,645,27828.0,32005.0,0.49593744949120655,1778,1598,203,6.0,6.0,0.0,33.0,2.0,20.0,26.0,8166.0,2.0,0.0,18.0,18.0,0.0,5.0,6.0,0.0,0.0,0.0,0.0,0.8351338656646313,0.7505871301080319,0.18181818181818182,0.0
164,233,1946,930,81,573,27646.0,33169.0,0.6610962586305338,1642,1519,153,4.0,4.0,0.0,54.0,2.0,20.0,19.0,5188.0,2.0,0.0,13.0,13.0,0.0,1.0,4.0,0.0,1.0,0.0,0.0,0.8437821171634121,0.7805755395683454,0.07407407407407407,0.0
165,234,2218,904,113,674,31423.0,33983.0,0.713070725191367,1826,1597,260,6.0,6.0,0.0,29.0,1.0,36.0,29.0,6287.0,2.0,0.0,13.0,13.0,0.0,6.0,6.0,0.0,0.0,0.0,0.0,0.8232642019837692,0.7200180342651037,0.20689655172413793,0.0
166,235,2134,970,86,572,430237978.0,25633.0,0.41933242938269866,1755,1523,247,12.0,11.0,0.0,20.0,2.0,30.0,20.0,2173.0,2.0,0.0,15.0,15.0,0.0,2.0,4.0,0.0,0.0,0.0,0.0,0.8223992502343018,0.7136832239925024,0.6,0.0
167,236,2236,959,100,675,29312.0,31909.0,0.49778924913673134,1854,1620,261,8.0,6.0,0.0,31.0,4.0,9.0,16.0,6061.0,2.0,0.0,14.0,14.0,0.0,4.0,5.0,0.0,0.0,0.0,0.0,0.8291592128801432,0.7245080500894454,0.25806451612903225,0.0
168,237,2465,1033,116,851,25985.0,27202.0,0.5928477081717277,2074,1867,238,6.0,6.0,0.0,41.0,2.0,6.0,18.0,1790.0,2.0,0.0,14.0,14.0,0.0,7.0,8.0,0.0,0.0,0.0,0.0,0.8413793103448276,0.7574036511156187,0.14634146341463414,0.0
169,238,2633,1029,99,962,32249.0,45974.0,0.7313949698987214,2224,2009,252,6.0,5.0,0.0,40.0,3.0,5.0,26.0,20433.0,2.0,0.0,13.0,13.0,0.0,7.0,13.0,0.0,0.0,0.0,0.0,0.8446638815039879,0.7630079756931257,0.15,0.0
170,239,2436,1017,109,787,27511.0,27845.0,0.7253692231307158,1980,1759,257,7.0,7.0,0.0,30.0,2.0,5.0,28.0,625.0,2.0,0.0,20.0,20.0,0.0,8.0,12.0,0.0,10.0,0.0,0.0,0.812807881773399,0.7220853858784894,0.23333333333333334,0.0
171,240,2855,969,113,1160,64713220.0,64717565.0,0.5846379079998348,2432,2194,266,5.0,5.0,0.0,22.0,1.0,8.0,19.0,5225.0,2.0,0.0,13.0,13.0,0.0,2.0,4.0,0.0,0.0,0.0,0.0,0.8518388791593695,0.7684763572679509,0.22727272727272727,0.0
172,241,3230,948,88,1466,42807.0,32236.0,0.7411411203266609,2811,2604,242,3.0,3.0,0.0,48.0,1.0,23.0,45.0,4610.0,2.0,0.0,14.0,14.0,0.0,3.0,2.0,0.0,0.0,0.0,0.0,0.8702786377708979,0.8061919504643963,0.0625,0.0
173,242,2796,920,116,1173,28348.0,31815.0,0.7083774751609417,2343,2059,309,7.0,7.0,0.0,18.0,2.0,2.0,16.0,1594.0,2.0,0.0,15.0,15.0,0.0,3.0,4.0,0.0,0.0,0.0,0.0,0.8379828326180258,0.7364091559370529,0.3888888888888889,0.0
174,243,3318,894,102,1608,25569.0,25756.0,0.620069213500362,2856,2562,313,4.0,4.0,0.0,16.0,1.0,5.0,14.0,1276.0,2.0,0.0,14.0,14.0,0.0,3.0,8.0,0.0,0.0,0.0,0.0,0.8607594936708861,0.7721518987341772,0.25,0.0
175,244,3191,910,119,1300,38560.0,43616.0,0.6260051504946099,2592,2258,394,6.0,5.0,0.0,55.0,1.0,12.0,54.0,6932.0,2.0,0.0,12.0,12.0,0.0,5.0,4.0,0.0,0.0,0.0,0.0,0.8122845502977123,0.7076151676590411,0.10909090909090909,0.0
176,245,2636,902,105,962,25092.0,26073.0,0.5288702411496121,2094,1744,375,9.0,9.0,0.0,17.0,1.0,6.0,15.0,1293.0,2.0,0.0,15.0,15.0,0.0,6.0,8.0,0.0,0.0,0.0,0.0,0.7943854324734446,0.661608497723824,0.5294117647058824,0.0
177,246,3260,893,107,1350,31341.0,25866.0,0.56089921607316,2805,2520,312,5.0,4.0,0.0,14.0,2.0,12.0,10.0,2486.0,2.0,0.0,16.0,16.0,0.0,3.0,9.0,0.0,0.0,0.0,0.0,0.8604294478527608,0.7730061349693251,0.35714285714285715,0.0
178,247,2765,823,111,995,31976.0,35887.0,1.6953053990247124,2088,1859,287,5.0,5.0,0.0,28.0,1.0,6.0,26.0,9055.0,2.0,0.0,13.0,13.0,0.0,4.0,3.0,0.0,0.0,0.0,0.0,0.7551537070524412,0.6723327305605786,0.17857142857142858,0.0
179,248,3320,841,113,1257,45039.0,40628.0,2.6057806693291177,2453,2230,293,4.0,4.0,0.0,61.0,1.0,9.0,62.0,7556.0,2.0,0.0,13.0,13.0,0.0,3.0,8.0,0.0,0.0,0.0,0.0,0.738855421686747,0.6716867469879518,0.06557377049180328,0.0
180,249,3224,819,99,1357,1634545768.0,36323.0,2.0596873795312836,2500,2342,187,5.0,5.0,0.0,39.0,1.0,10.0,38.0,10140.0,2.0,0.0,14.0,14.0,0.0,3.0,4.0,0.0,0.0,0.0,0.0,0.7754342431761787,0.7264267990074442,0.1282051282051282,0.0
181,250,3372,820,100,1350,46457.0,44211.0,1.6622399321570016,2625,2483,209,4.0,4.0,0.0,63.0,1.0,2.0,67.0,14607.0,3.0,0.0,12.0,12.0,0.0,3.0,2.0,0.0,0.0,0.0,0.0,0.7784697508896797,0.7363582443653618,0.06349206349206349,0.0
182,251,3249,832,91,1468,50391.0,39603.0,2.657890041914686,2501,2368,191,4.0,3.0,0.0,44.0,2.0,5.0,42.0,7241.0,2.0,0.0,12.0,12.0,0.0,4.0,10.0,0.0,0.0,0.0,0.0,0.7697753154816867,0.7288396429670668,0.09090909090909091,0.0
183,252,3025,869,96,1302,43698.0,44491.0,2.1341322406735435,2296,2204,177,7.0,6.0,0.0,53.0,1.0,6.0,50.0,7257.0,2.0,0.0,13.0,13.0,0.0,5.0,7.0,0.0,2.0,0.0,0.0,0.7590082644628099,0.728595041322314,0.1320754716981132,0.0
184,253,896,282,42,427,18043.0,21582.0,2.263733741090395,671,657,48,0.0,0.0,0.0,66.0,1.0,4.0,65.0,2440.0,2.0,0.0,4.0,4.0,0.0,2.0,2.0,0.0,0.0,0.0,0.0,0.7488839285714286,0.7332589285714286,0.0,0.0
185,255,2565,716,81,1084,40317.0,1170781.0,1.052677134479222,2266,2179,136,5.0,4.0,0.0,91.0,2.0,1.0,86.0,31099956.0,4.0,0.0,11.0,11.0,0.0,3.0,6.0,0.0,0.0,0.0,0.0,0.8834307992202729,0.8495126705653021,0.054945054945054944,0.0
186,256,2757,852,107,1418,28664.0,26463.0,0.48703889002278133,2448,2297,163,5.0,5.0,0.0,9.0,2.0,5.0,9.0,1876.0,3.0,0.0,15.0,15.0,0.0,4.0,4.0,0.0,0.0,0.0,0.0,0.8879216539717084,0.833151976786362,0.5555555555555556,0.0
187,257,2425,854,105,1011,37160.0,38048.0,0.5420450644080679,2070,1970,167,6.0,5.0,0.0,76.0,2.0,10.0,77.0,3462.0,2.0,0.0,12.0,12.0,0.0,1.0,0.0,0.0,0.0,0.0,0.0,0.8536082474226804,0.8123711340206186,0.07894736842105263,0.0
188,258,2714,869,105,1177,35351.0,36756.0,1.125779712620537,2344,2211,192,8.0,8.0,0.0,65.0,4.0,6.0,58.0,3155.0,3.0,0.0,15.0,15.0,0.0,8.0,13.0,0.0,0.0,0.0,0.0,0.8636698599852616,0.8146647015475313,0.12307692307692308,0.0
189,259,3353,903,92,1299,639219274.0,235044.0,1.5576990178560366,2481,2841,190,5.0,5.0,0.0,899.0,3.0,27.0,890.0,44194.0,3.0,0.0,10.0,10.0,0.0,5.0,4.0,0.0,0.0,0.0,0.0,0.7399343871160156,0.8473009245451835,0.0055617352614015575,0.0
190,260,2534,875,98,1217,14778.0,6086.0,1.7915047673398958,2326,2185,155,12.0,9.0,0.0,22.0,3.0,21.0,15.0,3331.0,2.0,0.0,14.0,14.0,0.0,2.0,5.0,0.0,0.0,0.0,0.0,0.9179163378058406,0.8622730860299921,0.5454545454545454,0.0
191,261,2415,902,103,1056,35797.0,34727.0,0.5092078145252101,2075,1935,157,7.0,7.0,0.0,29.0,13.0,13.0,18.0,2297.0,2.0,0.0,16.0,16.0,0.0,6.0,11.0,0.0,0.0,0.0,0.0,0.8592132505175983,0.8012422360248447,0.2413793103448276,0.0
192,262,1988,808,93,733,37219.0,35520.0,0.6604355003458564,1626,1492,163,4.0,3.0,0.0,46.0,2.0,9.0,37.0,2440.0,2.0,0.0,9.0,9.0,0.0,2.0,4.0,6.0,0.0,0.0,0.0,0.817907444668008,0.7505030181086519,0.08695652173913043,0.6
193,263,1749,698,75,584,24041.0,25764.0,0.5744077223876571,1428,1255,180,3.0,3.0,0.0,6.0,1.0,7.0,5.0,1127.0,2.0,0.0,16.0,16.0,0.0,1.0,0.0,0.0,0.0,0.0,0.0,0.8164665523156089,0.7175528873642081,0.5,0.0
194,265,77,47,13,43,1266.0,4909.0,0.5945744117101034,60,53,9,3.0,2.0,0.0,2.0,1.0,0.0,1.0,3683.0,1.0,0.0,0.0,0.0,0.0,0.0,0.0,0.0,0.0,0.0,0.0,0.7792207792207793,0.6883116883116883,1.5,0.0
195,266,2261,830,91,891,31577.0,27635.0,0.5714536790873346,1908,1745,173,6.0,6.0,0.0,7.0,1.0,2.0,7.0,264.0,2.0,0.0,20.0,20.0,0.0,6.0,7.0,0.0,0.0,0.0,0.0,0.843874391862008,0.7717823971693941,0.8571428571428571,0.0
196,267,2255,817,111,817,35846.0,33581.0,1.1680933995800125,1869,1732,191,7.0,6.0,0.0,55.0,1.0,5.0,55.0,1084.0,2.0,0.0,15.0,15.0,0.0,6.0,13.0,0.0,0.0,0.0,0.0,0.8288248337028825,0.7680709534368071,0.12727272727272726,0.0
197,268,2288,844,97,782,47341.0,39450.0,2.2943584467386056,1926,1826,168,5.0,5.0,0.0,77.0,2.0,10.0,77.0,2943.0,2.0,0.0,15.0,15.0,0.0,1.0,0.0,0.0,0.0,0.0,0.0,0.8417832167832168,0.7980769230769231,0.06493506493506493,0.0
198,269,1654,652,74,677,12823200131.0,19036.0,0.5521949478843259,1441,1339,115,4.0,3.0,0.0,4.0,2.0,16.0,4.0,1304.0,2.0,0.0,14.0,14.0,0.0,3.0,12.0,0.0,0.0,0.0,0.0,0.8712212817412334,0.8095525997581621,1.0,0.0
199,271,102,58,7,63,896.0,896.0,0.3455770044791989,91,85,6,3.0,3.0,0.0,0.0,0.0,0.0,0.0,0.0,0.0,0.0,2.0,2.0,0.0,0.0,0.0,0.0,0.0,0.0,0.0,0.8921568627450981,0.8333333333333334,3.0,0.0
200,272,2253,834,91,882,38810.0,29945.0,0.6983272308276292,1951,1798,182,5.0,5.0,0.0,25.0,1.0,17.0,20.0,4506.0,2.0,0.0,12.0,12.0,0.0,4.0,7.0,0.0,0.0,0.0,0.0,0.8659565024411895,0.7980470483799379,0.2,0.0
201,273,2308,845,98,873,32100.0,29106.0,0.6062392834254674,1965,1790,208,8.0,8.0,0.0,32.0,1.0,4.0,32.0,1139.0,2.0,0.0,16.0,16.0,0.0,8.0,7.0,0.0,0.0,0.0,0.0,0.8513864818024264,0.7755632582322357,0.25,0.0
202,274,960,463,48,401,10870.0,6736.0,0.7639930138922041,855,814,52,4.0,3.0,0.0,8.0,2.0,3.0,7.0,268.0,2.0,0.0,8.0,8.0,0.0,2.0,5.0,0.0,0.0,0.0,0.0,0.890625,0.8479166666666667,0.5,0.0
203,275,1463,346,46,326,11855980348.0,5515.0,15.265397128206347,754,1231,104,4.0,3.0,0.0,11.0,1.0,38.0,11.0,336.0,2.0,0.0,6.0,6.0,0.0,1.0,4.0,0.0,0.0,0.0,0.0,0.5153793574846206,0.8414217361585783,0.36363636363636365,0.0
204,278,128,75,15,79,1222.0,1150.0,0.4627769539155156,106,94,14,3.0,2.0,0.0,1.0,1.0,0.0,0.0,0.0,0.0,0.0,1.0,1.0,0.0,0.0,0.0,0.0,1.0,0.0,0.0,0.828125,0.734375,3.0,0.0
205,279,3235,753,87,1772,25098.0,27342.0,0.3754363978923422,2914,2728,198,3.0,3.0,0.0,15.0,1.0,5.0,14.0,4232.0,2.0,0.0,19.0,19.0,0.0,9.0,11.0,12.0,0.0,0.0,0.0,0.9007727975270479,0.8432766615146832,0.2,0.5217391304347826
206,280,3034,793,90,1658,23146.0,33214.0,0.4210029512845904,2744,2633,140,4.0,4.0,0.0,23.0,2.0,6.0,23.0,8390.0,2.0,0.0,14.0,14.0,0.0,4.0,3.0,0.0,0.0,0.0,0.0,0.9044166117336849,0.8678312458800264,0.17391304347826086,0.0
207,281,2004,510,66,1012,9063.0,11688.0,1.160187110484137,1831,1736,121,8.0,7.0,0.0,21.0,2.0,4.0,20.0,1675.0,2.0,0.0,7.0,7.0,0.0,3.0,5.0,0.0,0.0,0.0,0.0,0.9136726546906188,0.8662674650698603,0.38095238095238093,0.0
208,296,66,38,4,52,0.0,0.0,0.2686908200102032,60,57,3,0.0,0.0,0.0,1.0,1.0,0.0,1.0,17.0,1.0,0.0,1.0,1.0,0.0,0.0,0.0,0.0,0.0,0.0,0.0,0.9090909090909091,0.8636363636363636,0.0,0.0
209,297,3016,904,115,1188,427900787.0,71700.0,3.992627997591038,2452,2479,207,2.0,1.0,0.0,145.0,2.0,26.0,267.0,75492.0,3.0,0.0,11.0,11.0,0.0,2.0,4.0,0.0,0.0,0.0,0.0,0.8129973474801061,0.821949602122016,0.013793103448275862,0.0
210,298,3175,869,82,1281,42372.0,29687.0,1.6498616140433089,2672,2526,270,1.0,1.0,0.0,38.0,1.0,4.0,37.0,629.0,1.0,0.0,16.0,16.0,0.0,2.0,6.0,0.0,0.0,0.0,0.0,0.8415748031496063,0.7955905511811023,0.02631578947368421,0.0
211,299,2,1,2,1,448.0,0.0,3.010759472846985,0,0,0,0.0,0.0,0.0,0.0,0.0,0.0,0.0,0.0,0.0,0.0,0.0,0.0,0.0,0.0,0.0,0.0,2.0,0.0,0.0,0.0,0.0,0.0,0.0
212,300,101,57,15,51,1508.0,1409.0,0.38404996106118866,80,69,14,1.0,1.0,0.0,2.0,2.0,0.0,2.0,17.0,2.0,0.0,1.0,1.0,0.0,0.0,0.0,0.0,1.0,0.0,0.0,0.7920792079207921,0.6831683168316832,0.5,0.0
213,301,3201,973,109,1178,121109.0,22064436.0,1.2107442133221853,2736,2497,300,2.0,2.0,0.0,238.0,2.0,10.0,218.0,46832552.0,4.0,0.0,13.0,13.0,0.0,6.0,11.0,0.0,1.0,0.0,0.0,0.8547328959700093,0.7800687285223368,0.008403361344537815,0.0
214,302,2376,861,101,701,28444.0,25341.0,0.4750039488666965,2015,1816,222,0.0,0.0,0.0,22.0,3.0,14.0,23.0,5061.0,2.0,0.0,13.0,13.0,0.0,2.0,2.0,0.0,3.0,0.0,0.0,0.8480639730639731,0.7643097643097643,0.0,0.0
215,303,90,58,12,56,452.0,744.0,0.3387549115765479,78,70,9,0.0,0.0,0.0,0.0,0.0,0.0,0.0,0.0,0.0,0.0,0.0,0.0,0.0,0.0,0.0,0.0,4.0,0.0,0.0,0.8666666666666667,0.7777777777777778,0.0,0.0
216,307,131,66,15,76,1303.0,1535.0,0.9872500559862922,106,92,15,0.0,0.0,0.0,2.0,1.0,1.0,1.0,162.0,1.0,0.0,0.0,0.0,0.0,0.0,0.0,0.0,3.0,0.0,0.0,0.8091603053435115,0.7022900763358778,0.0,0.0
217,308,2856,825,96,1034,55758.0,51719.0,3.689031907611101,2333,2135,307,1.0,1.0,0.0,151.0,1.0,14.0,151.0,3014.0,2.0,0.0,14.0,14.0,0.0,10.0,10.0,0.0,3.0,0.0,0.0,0.8168767507002801,0.7475490196078431,0.006622516556291391,0.0
218,309,2426,759,92,730,46549.0,34499.0,1.6649746513422996,1977,1810,247,1.0,1.0,0.0,59.0,2.0,7.0,60.0,10410.0,2.0,0.0,14.0,14.0,0.0,4.0,9.0,0.0,6.0,0.0,0.0,0.814921681780709,0.7460840890354493,0.01694915254237288,0.0
219,310,2825,878,109,1018,35453.0,52123.0,0.761855563437969,2391,2158,280,1.0,1.0,0.0,53.0,2.0,6.0,51.0,21949.0,3.0,0.0,15.0,15.0,0.0,1.0,1.0,0.0,0.0,0.0,0.0,0.8463716814159292,0.7638938053097345,0.018867924528301886,0.0
220,311,2917,926,98,1088,28553.0,26978.0,0.9300314202833404,2506,2265,264,3.0,2.0,0.0,22.0,1.0,7.0,22.0,4236.0,3.0,0.0,17.0,17.0,0.0,3.0,8.0,0.0,0.0,0.0,0.0,0.8591018169352074,0.7764826876928351,0.13636363636363635,0.0
221,312,3051,914,100,994,37101.0,59044.0,0.48904203938676305,2470,2101,422,2.0,2.0,0.0,33.0,3.0,5.0,36.0,24806.0,2.0,0.0,11.0,11.0,0.0,4.0,6.0,0.0,0.0,0.0,0.0,0.8095706325794821,0.6886266797771222,0.06060606060606061,0.0
222,313,2877,1026,105,843,36607.0,39835.0,0.8613450166662489,2280,1899,441,3.0,2.0,0.0,56.0,3.0,8.0,59.0,7825.0,2.0,0.0,17.0,17.0,0.0,6.0,4.0,0.0,0.0,0.0,0.0,0.7924921793534933,0.6600625651720542,0.05357142857142857,0.0
223,314,2529,969,111,897,7700.0,5632.0,0.3368682246388968,2168,1863,315,1.0,1.0,0.0,24.0,3.0,12.0,29.0,7077.0,3.0,0.0,15.0,15.0,0.0,3.0,4.0,0.0,0.0,0.0,0.0,0.8572558323448003,0.7366548042704626,0.041666666666666664,0.0
224,315,4473,1069,99,2442,37322.0,44470.0,0.6018325422718891,4026,3766,300,2.0,1.0,0.0,22.0,2.0,8.0,22.0,3275.0,2.0,0.0,13.0,13.0,0.0,6.0,7.0,0.0,0.0,0.0,0.0,0.9000670690811536,0.8419405320813772,0.09090909090909091,0.0
225,316,2832,956,90,911,39466.0,31076.0,0.5732002606539284,2400,2132,296,8.0,2.0,1.0,35.0,2.0,14.0,39.0,5802.0,2.0,0.0,11.0,11.0,0.0,2.0,10.0,0.0,0.0,0.0,0.0,0.847457627118644,0.7528248587570622,0.22857142857142856,0.0
226,317,2834,909,88,854,26047.0,36569.0,0.5645417038850915,2383,2079,321,5.0,2.0,0.0,587.0,1.0,12.0,587.0,13388.0,2.0,0.0,8.0,8.0,0.0,4.0,10.0,0.0,0.0,0.0,0.0,0.8408609738884968,0.733592095977417,0.008517887563884156,0.0
227,318,3034,883,93,956,117366.0,150109.0,1.4515596959412125,2092,2418,250,1.0,1.0,0.0,50.0,2.0,3.0,50.0,3571.0,2.0,0.0,16.0,16.0,0.0,2.0,4.0,0.0,0.0,0.0,0.0,0.6895187870797627,0.7969676994067239,0.02,0.0
228,319,2462,862,97,831,35766.0,36385.0,0.6320910295158702,2000,1706,317,1.0,1.0,0.0,58.0,2.0,5.0,60.0,4814.0,2.0,0.0,18.0,18.0,0.0,1.0,0.0,0.0,0.0,0.0,0.0,0.8123476848090982,0.6929325751421609,0.017241379310344827,0.0
229,320,2840,972,106,716,43426.0,38275.0,0.71984144914441,2247,1799,472,4.0,1.0,0.0,64.0,3.0,10.0,63.0,5969.0,2.0,0.0,12.0,12.0,0.0,3.0,10.0,0.0,0.0,0.0,0.0,0.7911971830985915,0.6334507042253521,0.0625,0.0
230,321,2523,937,103,774,47901.0,54488.0,1.867304005509971,1957,1973,219,2.0,2.0,0.0,139.0,3.0,7.0,139.0,10830.0,2.0,0.0,11.0,11.0,0.0,3.0,6.0,0.0,0.0,0.0,0.0,0.7756638921918351,0.7820055489496631,0.014388489208633094,0.0
231,322,2480,890,99,781,47167.0,44137.0,0.7337694657651012,2108,1867,263,2.0,1.0,0.0,369.0,2.0,15.0,367.0,11440.0,2.0,0.0,14.0,14.0,0.0,6.0,8.0,0.0,0.0,0.0,0.0,0.85,0.7528225806451613,0.005420054200542005,0.0
232,323,4348,822,95,638,1139478.0,961513.0,2.127307175636546,1738,3833,197,1.0,1.0,0.0,4137.0,2.0,14.0,4138.0,75874.0,2.0,0.0,11.0,11.0,0.0,4.0,7.0,0.0,0.0,0.0,0.0,0.3997240110395584,0.8815547378104875,0.00024172105390379503,0.0
233,324,2268,893,123,650,81366.0,70698.0,1.8546075319153033,1836,1608,275,2.0,1.0,0.0,202.0,12.0,18.0,198.0,9615.0,2.0,0.0,16.0,16.0,0.0,3.0,6.0,0.0,0.0,0.0,0.0,0.8095238095238095,0.708994708994709,0.009900990099009901,0.0
234,325,2770,833,102,540,52547.0,103726.0,1.667578617883686,2182,2184,230,2.0,1.0,0.0,111.0,2.0,9.0,110.0,63223.0,2.0,0.0,12.0,12.0,0.0,7.0,13.0,0.0,0.0,0.0,0.0,0.787725631768953,0.7884476534296029,0.018018018018018018,0.0
235,326,2615,876,80,732,62921.0,78673.0,1.7319113446807441,2063,1904,205,1.0,1.0,0.0,137.0,2.0,18.0,139.0,29000.0,3.0,0.0,13.0,13.0,0.0,4.0,4.0,0.0,0.0,0.0,0.0,0.7889101338432123,0.7281070745697896,0.0072992700729927005,0.0
236,327,2321,878,76,604,113060.0,675236.0,1.2348535902125382,1977,1909,123,1.0,1.0,0.0,316.0,2.0,13.0,252.0,15773938.0,4.0,0.0,8.0,8.0,0.0,2.0,4.0,0.0,0.0,0.0,0.0,0.8517880224041362,0.8224903059026282,0.0031645569620253164,0.0
237,328,2330,891,98,817,100093.0,119011.0,1.1858067290727483,2011,1895,160,2.0,1.0,0.0,404.0,2.0,14.0,403.0,40197.0,2.0,0.0,13.0,13.0,0.0,4.0,10.0,0.0,0.0,0.0,0.0,0.8630901287553648,0.8133047210300429,0.0049504950495049506,0.0
238,329,187,110,21,97,11034.0,11173.0,1.945599227056016,152,138,18,0.0,0.0,0.0,0.0,0.0,1.0,0.0,0.0,0.0,0.0,1.0,1.0,0.0,1.0,1.0,0.0,0.0,0.0,0.0,0.8128342245989305,0.7379679144385026,0.0,0.0
239,357,2602,676,75,562,76031.0,42690.0,8.902451274773064,2372,1439,962,0.0,0.0,0.0,26.0,2.0,4.0,26.0,21694.0,2.0,0.0,4.0,4.0,0.0,2.0,1.0,0.0,0.0,0.0,0.0,0.9116064565718678,0.5530361260568794,0.0,0.0
240,391,142,61,11,35,1840.0,1576.0,1.6523439917299483,125,65,65,2.0,1.0,0.0,7.0,2.0,0.0,6.0,102.0,1.0,0.0,0.0,0.0,0.0,0.0,0.0,0.0,0.0,0.0,0.0,0.8802816901408451,0.45774647887323944,0.2857142857142857,0.0
241,392,3606,1019,101,503,6960053966.0,68518.0,1.9765210860352715,3255,1826,1535,1.0,1.0,0.0,170.0,3.0,11.0,220.0,16256.0,2.0,0.0,6.0,6.0,0.0,2.0,4.0,0.0,0.0,0.0,0.0,0.9026622296173045,0.5063782584581253,0.0058823529411764705,0.0
242,393,1606,327,35,189,211789.0,258053.0,2.6751350348046485,869,1131,413,2.0,1.0,0.0,896.0,1.0,11.0,894.0,96122.0,2.0,0.0,2.0,2.0,0.0,1.0,4.0,0.0,0.0,0.0,0.0,0.541095890410959,0.7042341220423413,0.002232142857142857,0.0
243,394,2826,838,83,405,32743.0,30934.0,1.7686834244453815,2566,1347,1265,1.0,1.0,0.0,38.0,7.0,10.0,36.0,4990.0,2.0,0.0,6.0,6.0,0.0,2.0,5.0,0.0,0.0,0.0,0.0,0.9079971691436659,0.47664543524416136,0.02631578947368421,0.0
244,395,3504,1020,108,470,61233.0,77868.0,2.6929272947151683,3139,1704,1529,2.0,1.0,0.0,134.0,2.0,8.0,167.0,32120.0,2.0,0.0,3.0,3.0,0.0,3.0,6.0,0.0,0.0,0.0,0.0,0.8958333333333334,0.4863013698630137,0.014925373134328358,0.0
245,396,3454,967,101,473,52956.0,66521.0,1.5192625121066445,3130,1689,1535,1.0,1.0,0.0,123.0,2.0,5.0,158.0,17078.0,2.0,0.0,2.0,2.0,0.0,2.0,1.0,0.0,0.0,0.0,0.0,0.9061957151129125,0.4889982628836132,0.008130081300813009,0.0
246,397,3962,1057,141,662,52590.0,41278.0,2.543195054029005,3633,2215,1494,1.0,1.0,0.0,70.0,1.0,27.0,66.0,6626.0,2.0,0.0,1.0,1.0,0.0,3.0,5.0,0.0,0.0,0.0,0.0,0.9169611307420494,0.5590610802624937,0.014285714285714285,0.0
247,398,4049,1056,90,977,65679.0,58400.0,2.693143011644756,3698,2296,1499,1.0,1.0,0.0,130.0,3.0,17.0,164.0,12730.0,2.0,0.0,4.0,4.0,0.0,4.0,10.0,0.0,0.0,0.0,0.0,0.9133119288713263,0.5670535934798716,0.007692307692307693,0.0
248,399,4589,1026,113,1395,53540.0,60038.0,1.6501525084013622,4245,2766,1546,2.0,1.0,0.0,59.0,14.0,5.0,57.0,22893.0,2.0,0.0,5.0,5.0,0.0,2.0,0.0,0.0,0.0,0.0,0.0,0.9250381346698627,0.6027456962301155,0.03389830508474576,0.0
249,400,4635,995,99,1649,45652.0,33354.0,1.3896142799460427,4305,2798,1552,1.0,1.0,0.0,39.0,3.0,3.0,38.0,3639.0,2.0,0.0,5.0,5.0,0.0,5.0,10.0,0.0,0.0,0.0,0.0,0.9288025889967637,0.6036677454153182,0.02564102564102564,0.0
250,401,6165,974,103,3210,51009.0,36439.0,1.2614982744492715,5784,4263,1579,1.0,1.0,0.0,125.0,2.0,5.0,159.0,13395.0,2.0,0.0,2.0,2.0,0.0,2.0,7.0,0.0,0.0,0.0,0.0,0.9381995133819951,0.6914841849148419,0.008,0.0
251,402,4256,906,94,1279,77015.0,72880.0,1.339945633159225,3899,2465,1534,2.0,1.0,0.0,125.0,2.0,5.0,123.0,12347.0,2.0,0.0,2.0,2.0,0.0,3.0,5.0,0.0,0.0,0.0,0.0,0.9161184210526315,0.5791823308270677,0.016,0.0
252,405,3,3,2,3,0.0,0.0,0.6004970073699951,3,2,1,0.0,0.0,0.0,0.0,0.0,0.0,0.0,0.0,0.0,0.0,2.0,2.0,0.0,0.0,0.0,0.0,0.0,0.0,0.0,1.0,0.6666666666666666,0.0,0.0
253,433,1333,320,46,763,29833.0,18302.0,0.8252500125049935,1192,1103,104,3.0,2.0,0.0,8.0,2.0,2.0,8.0,5100.0,2.0,0.0,3.0,3.0,0.0,1.0,1.0,0.0,0.0,0.0,0.0,0.8942235558889723,0.827456864216054,0.375,0.0
254,444,142,62,10,98,2910.0,3322.0,0.5249927211552858,121,117,8,0.0,0.0,0.0,0.0,0.0,0.0,0.0,0.0,0.0,0.0,0.0,0.0,0.0,0.0,0.0,0.0,0.0,0.0,0.0,0.852112676056338,0.823943661971831,0.0,0.0
